/*
SQLyog 企业版 - MySQL GUI v8.14 
MySQL - 5.6.17 : Database - phalcon_wifizn
*********************************************************************
*/

/*!40101 SET NAMES utf8 */;

/*!40101 SET SQL_MODE=''*/;

/*!40014 SET @OLD_UNIQUE_CHECKS=@@UNIQUE_CHECKS, UNIQUE_CHECKS=0 */;
/*!40014 SET @OLD_FOREIGN_KEY_CHECKS=@@FOREIGN_KEY_CHECKS, FOREIGN_KEY_CHECKS=0 */;
/*!40101 SET @OLD_SQL_MODE=@@SQL_MODE, SQL_MODE='NO_AUTO_VALUE_ON_ZERO' */;
/*!40111 SET @OLD_SQL_NOTES=@@SQL_NOTES, SQL_NOTES=0 */;
CREATE DATABASE /*!32312 IF NOT EXISTS*/`phalcon_wifizn` /*!40100 DEFAULT CHARACTER SET utf8 */;

USE `phalcon_wifizn`;

/*Table structure for table `tx_auth_group` */

DROP TABLE IF EXISTS `tx_auth_group`;

CREATE TABLE `tx_auth_group` (
  `id` mediumint(8) unsigned NOT NULL AUTO_INCREMENT,
  `title` char(100) NOT NULL DEFAULT '',
  `status` enum('true','false') NOT NULL DEFAULT 'true',
  `rules` varchar(5000) NOT NULL DEFAULT '',
  `module` tinyint(1) DEFAULT NULL,
  `module_name` varchar(50) DEFAULT NULL,
  `mid` int(11) DEFAULT NULL,
  `del` enum('false','true') DEFAULT 'true',
  `remark` varchar(255) DEFAULT NULL,
  PRIMARY KEY (`id`)
) ENGINE=InnoDB AUTO_INCREMENT=29 DEFAULT CHARSET=utf8;

/*Data for the table `tx_auth_group` */

insert  into `tx_auth_group`(`id`,`title`,`status`,`rules`,`module`,`module_name`,`mid`,`del`,`remark`) values (1,'默认组','true','20,21,315,316,317,318,319,355,356,357,373,374,378,379,320,351,330,415,419,420,321,417,418,479',1,'Adminstrator',0,'false','公共权限'),(2,'管理员组','true',',20,315,316,317,318,319,320,415,419,420,332,333,334,335,336,337,383,413,340,341,342,343,344,345,346,321,322,323,324,325,326,327,387,388,389,400,328,329,405,406,407,416,331,408,409,410,363,364,365,366,367,391,393,394,398,401,414,404,375,377,381,382,390,392,403,417,418,347,348,349,352,353,354,350,380,358,359,360,361,362,435,429,441,442,443,444,445,446,447,448,449,450,451,452,453,454,458,459,460,455,461,462,463,456,457,426,436,,438,477,423,465,469,479,481,482,432,480,484,485,422,487,488,492,494,493,495,496,497,505,506,508,509,510,511,512,516,517,518,519,520,521,522,524,525,526,527,498,507,501,502,503,504,528,529,513,514,533,535,536,537,538,424,500,540,541,542,543,544,545,486,546,547,548,549,550,551,552',1,'Adminstrator',NULL,'false',NULL),(3,'品牌商组','true',',20,315,316,317,318,319,320,415,419,420,332,333,334,335,336,337,383,340,341,342,343,344,345,346,422,347,350,380,358,359,360,361,362,423,424,425,426,427,321,390,392,403,428,429,430,432,431,433,434,436,437,438,439,417,418,322,327,441,445,446,447,448,449,450,451,452,443,444,453,454,458,459,460,455,461,462,463,456,457,477,465,469,478,480,487,488,492,493,494,495,496,348,349,352,353,354,442,498,499,500,501,502,503,504,507,413,513,514,530,531,532,534,547',1,'Adminstrator',NULL,'false',NULL),(4,'代理商组','true',',20,315,390,392,403,316,317,318,319,320,415,419,423,424,420,426,436,437,438,439,332,333,347,350,429,430,358,359,360,361,362,432,441,442,425,428,477,453,454,458,459,460,455,461,462,463,456,457,465,469,478,321,417,418,480,484,334,422,486,340,341,343,492,344,443,494,444,493,495,496,499,498,487,501,502,503,504,507,413,513,514,530,531,532,534,547',1,'Adminstrator',NULL,'false',NULL),(5,'商户组','true',',20,315,390,392,403,317,318,319,320,415,419,423,424,436,437,439,340,341,343,344,443,444,453,454,458,459,460,455,461,462,463,456,457,465,469,464,466,470,471,467,472,473,468,474,475,476,321,328,329,489,530,531,532,534,500,421,426,438,477,440,316,420,322,323,324,325,326,327,387,388,389,400,405,406,407,416,331,408,409,410,363,364,365,366,367,497,535,536,391,393,394,398,401,414,404,375,377,381,382,533,417,418,479,431,433,434,540,541,542,543,332,333,334,335,336,337,383,422,487,488,413,513,514,338,339,519,520,521,522,524,525,526,538,516,518,527,494,495,496,505,506,493,537,347,348,349,352,353,354,529,350,429,425,428,430,441,499,442,478,498,507,358,359,360,361,362,432,480,484,486,501,502,503,504,528,485,481,482',1,'Adminstrator',NULL,'false',NULL),(22,'222','true','',NULL,NULL,NULL,'true',NULL),(23,'路由器1','true','',NULL,NULL,NULL,'true',NULL),(24,'333','true','',NULL,NULL,NULL,'true',NULL),(25,'11111','true','',NULL,NULL,NULL,'true',NULL),(26,'22222','true','',NULL,NULL,NULL,'true',NULL),(27,'fdsfdsfsdfsd','true','',NULL,NULL,NULL,'true',NULL),(28,'gfdgdfgdf','true','',NULL,NULL,NULL,'true',NULL);

/*Table structure for table `tx_auth_group_access` */

DROP TABLE IF EXISTS `tx_auth_group_access`;

CREATE TABLE `tx_auth_group_access` (
  `mid` mediumint(8) unsigned NOT NULL,
  `group_id` mediumint(8) unsigned NOT NULL,
  UNIQUE KEY `uid_group_id` (`mid`,`group_id`),
  KEY `uid` (`mid`),
  KEY `group_id` (`group_id`)
) ENGINE=InnoDB DEFAULT CHARSET=utf8;

/*Data for the table `tx_auth_group_access` */

insert  into `tx_auth_group_access`(`mid`,`group_id`) values (1,1),(1,2),(2,1),(2,3),(351,1),(351,3),(352,1),(353,1),(354,1),(355,1),(356,1),(357,1),(358,1),(359,1),(360,1),(361,1),(362,1),(363,1),(364,1),(365,1),(366,1),(367,1),(368,1),(369,1),(370,1),(371,1),(372,1),(373,1),(374,1),(375,1),(376,1),(377,1),(378,1),(379,1),(380,1),(381,1),(382,1),(383,1),(384,1),(391,1),(391,4),(400,3),(405,1),(405,3),(405,4),(406,1),(407,1),(408,1),(409,1),(409,4),(410,1),(410,4),(411,1),(411,4),(412,1),(412,4),(413,1),(414,1),(414,5),(415,1),(416,1),(417,1),(418,1),(419,1),(420,1),(421,1),(427,4),(428,3),(430,4),(431,5),(432,5),(434,1),(434,3),(435,1),(435,4),(436,1),(436,4),(437,1),(437,4),(438,1),(438,4),(439,1),(439,4),(440,1),(440,4),(441,1),(441,4),(442,1),(442,3),(443,1),(443,4),(444,4),(445,4),(447,1),(447,5),(448,1),(448,4),(449,1),(449,4),(450,1),(450,4),(451,1),(451,4),(453,1),(453,5),(454,4),(455,1),(455,5),(456,1),(456,5),(457,4),(459,1),(459,5),(460,1),(460,5),(461,1),(461,5),(462,1),(462,5),(463,1),(463,5),(472,1),(472,5),(477,1),(477,5),(478,1),(478,5),(479,1),(479,5),(480,1),(480,4),(481,1),(481,3),(482,1),(482,4),(484,1),(484,5),(485,1),(485,5),(488,1),(488,3),(491,1),(491,4),(492,4),(493,4),(494,4),(495,4),(496,1),(496,5),(497,1),(497,5),(499,1),(499,3),(500,1),(500,3),(501,1),(501,4),(502,1),(502,4),(503,1),(503,4),(506,1),(506,4),(507,1),(507,5),(509,1),(509,3),(510,1),(510,4),(511,1),(511,3),(512,1),(512,3);

/*Table structure for table `tx_auth_rule` */

DROP TABLE IF EXISTS `tx_auth_rule`;

CREATE TABLE `tx_auth_rule` (
  `id` mediumint(8) unsigned NOT NULL AUTO_INCREMENT,
  `name` char(80) NOT NULL DEFAULT '',
  `title` varchar(50) NOT NULL DEFAULT '',
  `status` enum('true','false') NOT NULL DEFAULT 'true',
  `condition` char(100) NOT NULL DEFAULT '',
  `type` tinyint(1) DEFAULT '1',
  `pid` mediumint(4) NOT NULL DEFAULT '0',
  `sort` tinyint(2) DEFAULT '0',
  PRIMARY KEY (`id`),
  UNIQUE KEY `name` (`name`)
) ENGINE=InnoDB AUTO_INCREMENT=553 DEFAULT CHARSET=utf8;

/*Data for the table `tx_auth_rule` */

insert  into `tx_auth_rule`(`id`,`name`,`title`,`status`,`condition`,`type`,`pid`,`sort`) values (20,'Index/index','首页','true','',1,0,0),(315,'Index/left','左边菜单 ','true','',1,0,0),(316,'Index/main','主页面','true','',1,0,0),(317,'MainMenu/myspace','我的面板','true','',1,0,1),(318,'LeftMenu/myspace','个人信息','true','',1,317,1),(319,'Members/edit','修改个人信息','true','',1,318,1),(320,'Members/repwd','修改密码','true','',1,318,2),(321,'MainMenu/config','系统配置','true','',1,0,2),(322,'LeftMenu/config','相关设置','true','',1,321,1),(323,'Config/email','邮件配置','true','',1,322,1),(324,'Config/upload','图片上传配置','true','',1,322,2),(325,'Config/message','短信网关配置','true','',1,322,3),(326,'Config/route','路由器配置','true','',1,322,4),(327,'Config/system','系统配置','true','',1,322,5),(328,'LeftMenu/business','区域商区','true','',1,321,2),(329,'Area/index','地区设置','true','',1,328,1),(331,'Industry/index','行业设置','true','',1,328,3),(332,'MainMenu/equipment','设备管理','true','',1,0,3),(333,'LeftMenu/equipment','设备','true','',1,332,1),(334,'Equipment/list','我的设备','true','',1,333,3),(335,'Equipment/add','新增设备','true','',1,334,1),(336,'Equipment/delete','删除设备','true','',1,334,2),(337,'Equipment/edit','修改设备','true','',1,334,3),(338,'LeftMenu/hotspot','店铺管理','true','',1,332,1),(339,'HotSpot/list','店铺列表','true','',1,338,1),(340,'MainMenu/ad','数据统计','true','',1,0,4),(343,'Advert/count','广告点击和展示统计','true','',1,341,1),(344,'LeftMain/internetCount','上网用户统计','true','',1,340,1),(347,'MainMenu/members','用户','true','',1,0,5),(348,'LeftMenu/brand','品牌商管理','true','',1,347,2),(349,'MembersBrandData/list','品牌商列表','true','',1,348,1),(350,'LeftMenu/agent','代理商管理','true','',1,347,3),(352,'MembersBrandData/add','品牌商添加','true','',1,349,3),(353,'MembersBrandData/del','品牌商删除','true','',1,349,1),(354,'MembersBrandData/edit','品牌商修改','true','',1,349,2),(358,'LeftMenu/merchant','商户管理','true','',1,347,4),(359,'MembersMerchantData/list','商户列表','true','',1,358,1),(360,'MembersMerchantData/add','添加商户','true','',1,359,1),(361,'MembersMerchantData/del','删除商户','true','',1,359,2),(362,'MembersMerchantData/edit','修改商户','true','',1,359,3),(363,'LeftMenu/role','系统管理','true','',1,321,3),(364,'AuthGroup/list','角色列表','true','',1,363,1),(365,'AuthGroup/membersList','选择成员','true','',1,364,1),(366,'AuthGroup/ruleList','选择权限','true','',1,364,2),(367,'AuthGroup/add','添加角色','true','',1,364,3),(375,'Members/list','用户列表','true','',1,404,1),(377,'Members/add','新增会员','true','',1,375,1),(381,'Members/delete','删除用户','true','',1,375,2),(382,'Members/ledit','编辑用户','true','',1,375,3),(383,'Equipment/changeStatus','修改设备状态','true','',1,334,5),(387,'Config/list','配置列表','true','',1,322,6),(388,'Config/add','新增配置','true','',1,387,1),(389,'Config/edit','编辑配置','true','',1,387,2),(390,'Members/checkMnameUnique','验证用户名唯一','true','',1,315,4),(391,'AuthGroup/menuList','菜单列表','true','',1,363,2),(392,'Members/checkEmailUnique','用户email唯一认证','true','',1,315,5),(393,'AuthGroup/menuAdd','添加菜单','true','',1,391,1),(394,'AuthGroup/menuEdit','编辑菜单','true','',1,391,2),(398,'AuthGroup/menuDelete','删除菜单','true','',1,391,3),(400,'Config/deleteAll','配置删除','true','',1,387,0),(401,'AuthGroup/menuSort','菜单排序','true','',1,391,0),(403,'Members/checkMobileUnique','验证手机号唯一 ','true','',1,315,0),(404,'LeftMenu|members','用户管理','true','',1,321,4),(405,'Area/add','添加地区','true','',1,329,1),(406,'Area/edit','修改地区信息','true','',1,329,2),(407,'Area/delete','删除地区','true','',1,329,3),(408,'Industry/add','添加行业','true','',1,331,1),(409,'Industry/edit','修改行业信息','true','',1,331,2),(410,'Industry/delete','删除行业','true','',1,331,3),(413,'Equipment/all','设备列表','true','',1,333,2),(414,'AuthGroup/menuAddSub','添加子菜单','true','',1,391,5),(415,'MainMenu/message','系统消息','true','',1,317,2),(416,'Area/showBusiness','查看商区','true','',1,329,4),(417,'LeftMenu/actionlog','日志管理','true','',1,321,5),(418,'Actionlog/operationList','操作日志','true','',1,417,1),(419,'Message/myMessage','我的消息','true','',1,415,1),(420,'Message/send','发送消息','true','',1,415,1),(421,'Message/messageManage','消息管理','true','',1,415,4),(422,'Equipment/assign','设备分配给代理商','true','',1,334,0),(423,'Message/readMessage','查看消息','true','',1,419,2),(424,'Message/deleteMessage','删除消息','true','',1,419,2),(425,'MembersAgentData/add','新增代理商','true','',1,429,1),(426,'Message/sendHistory','发送记录','true','',1,415,3),(428,'MembersAgentData/edit','编辑代理商','true','',1,429,1),(429,'MembersAgentData/list','代理商列表','true','',1,350,1),(430,'MembersAgentData/del','删除代理商','true','',1,429,1),(431,'LeftMenu/domainApply','域名管理','true','',1,321,6),(432,'MembersMerchantData/preview','商户查看','true','',1,359,1),(433,'Domain/portalDomainApply','portal域名申请','true','',1,431,1),(434,'Domain/platDomainApply','平台域名申请','true','',1,431,2),(436,'LeftMenu/feedback','系统反馈','true','',1,317,3),(437,'Message/feedback','发送反馈','true','',1,436,2),(438,'Message/myFeedback','我收到的反馈','true','',1,436,1),(439,'Message/feedbackHistory','反馈记录','true','',1,436,3),(440,'Message/feedbackManage','反馈管理','true','',1,436,4),(441,'MembersAgentData/previewSubAgent','查看下级代理商','true','',1,429,1),(442,'MembersAgentData/preview','预览代理商','true','',1,429,1),(443,'InternetCount/onlineMemberCount','访客列表','true','',1,344,1),(444,'InternetCount/authTypeCount','客流统计','true','',1,344,2),(446,'AuthTypeCount/sinaAuthCount','新浪认证统计','true','',1,445,1),(447,'AuthTypeCount/oneKeyAuthCount','一键认证','true','',1,445,2),(448,'AuthTypeCount/qqLogin','QQ登录','true','',1,445,3),(449,'AuthTypeCount/wechatAuthCount','微信认证','true','',1,445,4),(450,'AuthTypeCount/messageAuthCount','短信认证','true','',1,445,5),(451,'AuthTypeCount/registerAuthCount','注册认证','true','',1,445,6),(452,'AuthTypeCount/loginAuthCount','登录认证','true','',1,445,7),(454,'LeftMenu/emailMarketing','邮件营销','true','',1,453,1),(455,'LeftMenu/messageMarketing','短信营销','true','',1,453,2),(456,'LeftMenu/weiboMarketing','微博营销','true','',1,453,3),(457,'LeftMenu/wechatMarketing','微信营销','true','',1,453,4),(458,'EmailMarketing/extract','提取邮箱','true','',1,454,1),(459,'EmailMarketing/multiSend','邮件群发','true','',1,454,2),(460,'EmailMarketing/template','邮件模板','true','',1,454,3),(461,'MessageMarketing/extract','提取号码','true','',1,455,1),(462,'MessageMarketing/multiSend','短信群发','true','',1,455,2),(463,'MessageMarketing/sendList','短信发送列表','true','',1,455,3),(464,'MainMenu/mobile','移动端','true','',1,0,7),(465,'LeftMenu/advert','广告管理','true','',1,453,5),(466,'LeftMenu/template','模板管理','true','',1,464,2),(469,'Advert/list','广告列表','true','',1,465,1),(470,'Template/portal','Portal模板','true','',1,466,1),(477,'Message/readFeedback','查看反馈','true','',1,438,1),(478,'MembersAgentData/changeStatus','更新代理商状态','true','',1,429,1),(479,'Actionlog/loginList','登录日志','true','',1,417,2),(480,'MembersMerchantData/getBusinessList','获取商区列表','true','',1,359,1),(481,'Domain/portalDomainList','portal域名审核','true','',1,485,3),(482,'Domain/platDomainList','平台域名审核','true','',1,485,4),(484,'MembersMerchantData/getIndustryList','获取行业列表','true','',1,359,1),(485,'LeftMenu/domainManage','域名管理','true','',1,347,6),(486,'MembersMerchantData/changeStatus','修改商户状态','true','',1,359,1),(487,'Equipment/preview','设备预览','true','',1,334,1),(488,'Equipment/addAssign','确认分配','true','',1,334,1),(489,'Area/getAreaList','地区联查','true','',1,329,1),(492,'Iframe/advertCount','广告统计显示iframe','true','',1,343,1),(493,'Iframe/authTypeCount','认证方式统计iframe框','true','',1,444,1),(494,'Iframe/onlineMemberCount','访客列表iframe框','true','',1,443,1),(495,'InternetCount/onlineMemberCountDetail','访客详情','true','',1,443,2),(496,'InternetCount/export','导出excel','true','',1,443,3),(497,'AuthGroup/delete','删除角色','true','',1,364,4),(498,'MembersAgentData/assign','分配设备','true','',1,429,1),(499,'MembersAgentData/subAgentInformation','子代理商详情查看','true','',1,441,1),(500,'Message/multiDeleteMessage','批量删除信息','true','',1,419,1),(501,'MembersMerchantData/onlineMemberCount','店铺在线用户统计','true','',1,359,9),(502,'MembersMerchantData/authTypeCount','店铺客流统计','true','',1,359,10),(503,'MembersMerchantData/hotspotList','店铺列表','true','',1,359,12),(504,'MembersMerchantData/equipmentList','商户设备列表','true','',1,359,14),(505,'Iframe/export','导出访客Excel','true','',1,443,1),(506,'Iframe/onlineMemberCountDetail','查看访客详细信息','true','',1,443,1),(507,'MembersAgentData/equipmentList','查看子代理商设备','true','',1,429,1),(513,'Equipment/monitoring','设备监控','true','',1,333,4),(514,'Equipment/monitoringList','设备监控详情','true','',1,513,1),(516,'Config/userloginList','登陆方式显示设置','true','',1,538,101),(518,'Config/userloginEdit','登陆方式显示编辑','true','',1,516,1),(519,'LeftTheme/list','主题管理','true','',1,332,2),(520,'Theme/list','主题列表','true','',1,519,1),(521,'Theme/add','新增主题','true','',1,520,1),(522,'Theme/edit','编辑主题','true','',1,520,1),(524,'Theme/preview','预览主题','true','',1,520,1),(525,'Theme/delete','删除主题','true','',1,520,1),(526,'Theme/changeStatus','主题状态','true','',1,520,1),(527,'Config/userloginAdd','登陆方式添加','true','',1,516,3),(528,'MembersMerchantData/agentMerchantList','指定代理商的商户列表','true','',1,359,1),(529,'MembersBrandData/resetPwd','重置用户密码','true','',1,349,4),(530,'Bind/index','账户绑定','true','',1,318,3),(531,'Bind/bind','账户绑定','true','',1,530,1),(532,'Bind/sendValidateInfo','发送绑定验证信息','true','',1,530,2),(533,'Members/changeStatus','修改用户状态','true','',1,375,1),(534,'Bind/validateEmailToken','验证邮箱token','true','',1,530,3),(535,'AuthGroup/changeStatus','修改角色状态','true','',1,364,1),(536,'AuthGroup/edit','编辑角色','true','',1,364,1),(537,'InternetCount/list','访客详情','true','',1,344,3),(538,'UserLoginlog/setup','登录方式管理','true','',1,332,4),(540,'Sms/Config','短信平台管理','true','',1,321,100),(541,'SmsServer/selectInterface','短信接口配置','true','',1,540,1),(542,'SmsServer/confirmSelect','选择短信接口','true','',1,541,1),(543,'SmsServer/smsTesting','平台测试','true','',1,540,1),(544,'Equipment/checkMacUnique','验证mac地址唯一性','true','',1,334,1),(545,'Equipment/checkEditMacUnique','编辑设备验证mac','true','',1,334,1),(546,'MembersBrandData/changeStatus','修改品牌商状态','true','',1,349,1),(547,'MembersAgentData/resetpwd','重置密码','true','',1,429,1),(549,'Message1/a','a','true','',1,548,1),(550,'Message1/b','b','true','',1,548,2),(551,'Friendlink/list','友情链接设置','true','',1,363,3),(552,'Friendlink/edit','友情链接编辑','true','',1,551,1);

/*Table structure for table `tx_config` */

DROP TABLE IF EXISTS `tx_config`;

CREATE TABLE `tx_config` (
  `id` int(11) unsigned NOT NULL AUTO_INCREMENT,
  `variable_name` varchar(50) NOT NULL COMMENT '变量名称',
  `variable_value` varchar(50) NOT NULL COMMENT '变量值',
  `variable_title` varchar(50) NOT NULL COMMENT '变量说明',
  `extra` varchar(255) NOT NULL COMMENT '配置值',
  `group` tinyint(1) NOT NULL COMMENT '1图片上传配置，2路由器配置，3短信网关配置，4邮件配置，5系统配置',
  `sort` int(11) NOT NULL COMMENT '排序',
  `remark` varchar(100) NOT NULL COMMENT '配置说明',
  `type` tinyint(1) NOT NULL COMMENT '配置类型',
  `status` tinyint(1) NOT NULL COMMENT '状态',
  PRIMARY KEY (`id`)
) ENGINE=InnoDB AUTO_INCREMENT=38 DEFAULT CHARSET=utf8 COMMENT='系统配置表';

/*Data for the table `tx_config` */

insert  into `tx_config`(`id`,`variable_name`,`variable_value`,`variable_title`,`extra`,`group`,`sort`,`remark`,`type`,`status`) values (7,'mail_type','1','邮件发送模式','1:SMTP 函数发送\r\n0:mail 模块发送',4,0,'而发额外',4,0),(8,'mail_server','smtp@126.com','邮件服务器','',4,0,'',1,0),(9,'mail_port','25','邮件发送端口','',4,0,'',8,0),(10,'mail_from','test@126.com','发件人地址','',4,0,'',1,0),(11,'mail_user','test@126.com','验证用户名','',4,0,'',1,0),(12,'mail_password','test','验证密码','',4,0,'',5,0),(13,'picture_size','1920000','图片大小','free请额外人爱文青2我日e工人通过发热',1,0,'单位为（kb）',8,0),(14,'picture_type','jpg,png,gif','图片类型','',1,0,'',1,0),(15,'domain_fangtong','qq,tx-network,sina','放通域名','',2,0,'多个请用逗号隔开',2,0),(19,'system_version','234','系统版本','',5,0,'',1,0),(20,'system_name','123','系统名称','',5,0,'',1,0),(21,'message_userid','','短信','',5,7,'',6,0),(22,'d','','的','',0,0,'',8,0),(23,'portwhitelist','443','端口白名单','',2,0,'多个请用逗号隔开',2,0),(24,'portalurl','http://portal.wifizn.com/v1','portal地址','',2,0,'列如：http://portal.tx-network.com',7,0),(25,'router_getconfig','http://api.wifizn.com:3000/get_config/v1','获取路由器配置地址','',2,0,'',7,0),(26,'router_auth','http://api.wifizn.com:3000/auth/v1','授权地址','',2,0,'',7,0),(27,'router_outline','http://api.wifizn.com:3000/outline/v1','下线地址','',2,0,'',7,0),(28,'router_update','http://api.wifizn.com:3000/update/v1','路由器升级地址','',2,0,'',7,0),(29,'bind_email_validate_time','1500','邮箱token有效时间(单位:s)','',5,7,'',8,0),(30,'bind_mobile_validate_time','1500','手机code有效时间(单位:s)','',5,8,'',8,0),(31,'redirectUrl','http://portal.wifizn.com/v1proving','成功跳转','',2,0,'',7,0),(32,'per_page','15','每页分页数','',5,5,'',8,0),(33,'sms_username','njtongxiang','短信网关用户名','',3,3,'',1,0),(34,'sms_passwd','123456','短信网关密码','',3,4,'',1,0),(35,'sms_tmp_1','【wifi营销精灵】您绑定账号的手机验证码是：{str},有效时间{min}分钟','绑定手机的短信模板','',3,5,'{str} 代表验证码, {min}代表分钟数，发短信时会自动替换',2,0),(36,'sms_tmp_2','【wifi营销精灵】您绑定账号的手机验证码是：{code},有效时间1分钟','发送手机登录验证码模板','',3,6,'{code}为验证码，将在程序运行中自动转换',2,0),(37,'upload_type','1','上传位置','',1,3,'0：ali  1:本地',8,0);

/*Table structure for table `tx_members` */

DROP TABLE IF EXISTS `tx_members`;

CREATE TABLE `tx_members` (
  `mid` int(11) unsigned NOT NULL AUTO_INCREMENT COMMENT '会员ID',
  `parentid` int(11) NOT NULL DEFAULT '0' COMMENT '父ID',
  `note` varchar(100) DEFAULT '',
  `mname` varchar(50) NOT NULL COMMENT '用户名',
  `mpwd` varchar(50) NOT NULL COMMENT '密码',
  `pwd_reset` tinyint(4) NOT NULL DEFAULT '0' COMMENT '密码是否reset',
  `email` varchar(100) DEFAULT '' COMMENT '邮箱',
  `mobile` char(15) DEFAULT '' COMMENT '手机号码',
  `mchild` tinyint(1) NOT NULL COMMENT '会员类别：1平台会员，2品牌商，3代理商，4商户',
  `reg_ip` varchar(50) DEFAULT NULL COMMENT '注册IP',
  `reg_time` int(10) DEFAULT NULL COMMENT '注册时间',
  `last_login_time` int(10) DEFAULT NULL COMMENT '最后登陆时间',
  `last_login_ip` varchar(50) DEFAULT NULL COMMENT '最后登陆ip',
  `login_counts` int(11) unsigned DEFAULT '0' COMMENT '登陆次数',
  `update_time` int(10) DEFAULT NULL COMMENT '更新时间',
  `del` enum('false','true') DEFAULT 'false' COMMENT '用户假删除true：已删除，false:未删除',
  `status` enum('false','true') DEFAULT 'true' COMMENT '会员状态 false:用户禁用，true：正常用户',
  PRIMARY KEY (`mid`),
  UNIQUE KEY `mname` (`mname`)
) ENGINE=InnoDB AUTO_INCREMENT=513 DEFAULT CHARSET=utf8;

/*Data for the table `tx_members` */

insert  into `tx_members`(`mid`,`parentid`,`note`,`mname`,`mpwd`,`pwd_reset`,`email`,`mobile`,`mchild`,`reg_ip`,`reg_time`,`last_login_time`,`last_login_ip`,`login_counts`,`update_time`,`del`,`status`) values (1,0,'','cmsadmin','e10adc3949ba59abbe56e057f20f883e',0,'lhappy@163.com','13612356952',1,'127.0.0.1',1414722024,1424347909,'::1',138,0,'false','true'),(2,1,'','bojimiya','e10adc3949ba59abbe56e057f20f883e',1,'7236148@qq.com','15951746128',2,'127.0.0.1',1595555555,1418798894,'::1',129,1595111111,'false','true'),(351,1,'','brand1','e10adc3949ba59abbe56e057f20f883e',1,NULL,NULL,2,'127.0.0.1',1595555555,1420352682,'127.0.0.1',134,1595111111,'false','true'),(391,2,'','agent','e10adc3949ba59abbe56e057f20f883e',1,'72368418@qq.com','15951746627',3,'127.0.0.1',1411549314,1419577157,'127.0.0.1',131,1595111111,'false','true'),(405,2,'','agent_tx','e10adc3949ba59abbe56e057f20f883e',1,'test@tee.com','13612352922',3,'127.0.0.1',1411887554,1415099479,'127.0.0.1',1,NULL,'true','true'),(414,391,'','merchant','e10adc3949ba59abbe56e057f20f883e',1,'723618418@qq.com','15951746623',4,'127.0.0.1',1411978012,1421046761,'::1',137,NULL,'false','true'),(427,391,'','aaaadd','e10adc3949ba59abbe56e057f20f883e',1,'jane@smith.ccc','13612352678',3,NULL,1412837213,1415358819,'127.0.0.1',18,NULL,'false','true'),(428,391,'','feizhuliu','e10adc3949ba59abbe56e057f20f883e',0,'15056676342@163.com','15056676344',4,NULL,NULL,1414053167,'192.168.2.70',1,NULL,'false','true'),(429,351,'','money1','e10adc3949ba59abbe56e057f20f883e',0,'test@123.com','18736636633',4,NULL,1413962665,NULL,NULL,0,NULL,'true','true'),(430,351,'','kebike','e10adc3949ba59abbe56e057f20f883e',0,'123@163.com','13855685848',3,NULL,1414553562,1417424194,'192.168.2.128',108,NULL,'false','true'),(431,391,'','amdinadf','e10adc3949ba59abbe56e057f20f883e',0,'asdfa@123.com','13612351234',4,NULL,1414568660,NULL,NULL,0,NULL,'false','true'),(432,391,'','qwerty','e10adc3949ba59abbe56e057f20f883e',0,'haha@126.co','13755642582',4,NULL,1414635692,NULL,NULL,0,NULL,'false','true'),(433,430,'','test1111','e10adc3949ba59abbe56e057f20f883e',1,'qwe@126.com','13456522555',4,NULL,1414640574,1415793303,'192.168.2.70',46,NULL,'false','true'),(434,0,'','tyy123','e10adc3949ba59abbe56e057f20f883e',1,'tyy123@gmail.com','15988766554',2,NULL,NULL,1415004007,'192.168.2.70',1,NULL,'false','true'),(435,2,'','agent23','e10adc3949ba59abbe56e057f20f883e',0,'agebt@gmail.com','15977711222',3,NULL,1414650277,1414650291,'127.0.0.1',1,NULL,'true','true'),(436,351,'','agent1','e10adc3949ba59abbe56e057f20f883e',0,'dsafa@123.com','13612356445',3,NULL,1414655704,1419561539,'::1',131,NULL,'false','true'),(437,351,'','zhangtest','e10adc3949ba59abbe56e057f20f883e',0,'zxj@sina.com','13711111234',3,NULL,1415156990,NULL,NULL,0,NULL,'true','true'),(438,351,'','zhangtest1','e10adc3949ba59abbe56e057f20f883e',0,'zxj1@sina.com','13711111112',3,NULL,1415178404,NULL,NULL,0,NULL,'true','true'),(439,351,'','zhangtest4','e10adc3949ba59abbe56e057f20f883e',0,'zxj3@sina.com','13711111115',3,NULL,1415178513,1416899531,'192.168.2.109',84,NULL,'false','true'),(440,351,'','zhangtest5','e10adc3949ba59abbe56e057f20f883e',0,'zxj@5sina.com','13711111135',3,NULL,1415179456,NULL,NULL,0,NULL,'true','true'),(441,2,'','agent_level2','e10adc3949ba59abbe56e057f20f883e',0,'jane@smith.com','13611235121',3,NULL,1415240093,1415240163,'127.0.0.1',1,NULL,'false','true'),(442,0,'','testing','e10adc3949ba59abbe56e057f20f883e',1,'test@tt.com','13612345618',2,NULL,NULL,1415608183,'127.0.0.1',28,NULL,'false','true'),(443,442,'','agent_lv_1','e10adc3949ba59abbe56e057f20f883e',0,'test@ttd.com','13612345633',3,NULL,1415241507,1415243337,'127.0.0.1',1,NULL,'true','true'),(444,443,'','agent_lv_2','e10adc3949ba59abbe56e057f20f883e',0,'adfas2123@dd.com','13612345644',3,NULL,1415241600,1415241666,'127.0.0.1',1,NULL,'false','true'),(445,443,'','agent_lv_22','e10adc3949ba59abbe56e057f20f883e',0,'adfas2123@ddd.com','13612345655',3,NULL,1415241647,NULL,NULL,0,NULL,'false','true'),(446,444,'','agent_lv_3','e10adc3949ba59abbe56e057f20f883e',0,'teddst@tt.com','13612345677',3,NULL,1415241741,NULL,NULL,0,NULL,'false','true'),(447,443,'','merchant_1','e10adc3949ba59abbe56e057f20f883e',1,'11321@123.cim','13612356466',4,NULL,1415243376,NULL,NULL,0,NULL,'false','true'),(448,351,'','brand3','e10adc3949ba59abbe56e057f20f883e',0,'zxj5@sina.com','13770775249',3,NULL,1415244262,NULL,NULL,0,NULL,'true','true'),(449,351,'','晓晓','e10adc3949ba59abbe56e057f20f883e',0,'15233653654@126.com','15233653654',3,NULL,1415258288,NULL,NULL,0,NULL,'true','true'),(450,442,'','linsheng','e10adc3949ba59abbe56e057f20f883e',1,'linsheng@122.com','13611235111',3,NULL,1415339969,NULL,NULL,0,NULL,'false','true'),(451,442,'','agent_testing','e10adc3949ba59abbe56e057f20f883e',1,'dsaf212@123.com','13611235122',3,NULL,1415340680,NULL,NULL,0,NULL,'false','true'),(452,436,'','2jidailishang','e10adc3949ba59abbe56e057f20f883e',0,'adfdf@23.com','13612445633',3,NULL,1415349639,NULL,NULL,0,NULL,'false','true'),(453,436,'','afasdfadfas','e10adc3949ba59abbe56e057f20f883e',1,'lzzccc.happy@163.com','13612352933',4,NULL,1415349804,NULL,NULL,0,NULL,'false','true'),(454,430,'','asdssss','e10adc3949ba59abbe56e057f20f883e',0,'jun1@sina.com','13813813838',3,NULL,1415349974,1417077120,'192.168.2.114',96,NULL,'false','true'),(455,391,'','烦烦烦烦烦烦烦','e10adc3949ba59abbe56e057f20f883e',0,'dadada@gmail.com','18977788888',4,NULL,1415350650,NULL,NULL,0,NULL,'false','true'),(456,427,'','adsfadsfasdfadsf','e10adc3949ba59abbe56e057f20f883e',1,'affafd@12321.com','13612356123',4,NULL,1415358525,NULL,NULL,0,NULL,'false','true'),(457,427,'','adsfdasf','e10adc3949ba59abbe56e057f20f883e',0,'adsfa@1231.com','13612345444',3,NULL,1415358567,1415358747,'127.0.0.1',18,NULL,'false','true'),(458,457,'','merchant111','e10adc3949ba59abbe56e057f20f883e',0,'lzzccc.haeeppy@163.com','13612356567',3,NULL,1415358803,NULL,NULL,0,NULL,'false','true'),(461,391,'','agent-1','e10adc3949ba59abbe56e057f20f883e',0,'agent-1@qq.com','13812811806',4,NULL,1415421120,NULL,NULL,0,NULL,'true','true'),(462,391,'','agent-2','e10adc3949ba59abbe56e057f20f883e',0,'agent-2@qq.com','13812811807',4,NULL,1415421330,NULL,NULL,0,NULL,'true','true'),(463,391,'','agent-3','e10adc3949ba59abbe56e057f20f883e',0,'agent-3@qq.com','13711111136',4,NULL,1415421908,NULL,NULL,0,NULL,'true','true'),(464,391,'','agent-4','e10adc3949ba59abbe56e057f20f883e',0,'agent-4@qq.com','13711111130',4,NULL,1415422646,NULL,NULL,0,NULL,'true','true'),(465,391,'','agent-5','e10adc3949ba59abbe56e057f20f883e',0,'agent-5@qq.com','13711111139',4,NULL,1415422847,NULL,NULL,0,NULL,'true','true'),(470,391,'','agent-6','e10adc3949ba59abbe56e057f20f883e',0,'agent-6@qq.com','13711111134',4,NULL,1415423755,NULL,NULL,0,NULL,'true','true'),(471,391,'','agent-7','e10adc3949ba59abbe56e057f20f883e',0,'agent-7@qq.com','13711111133',4,NULL,1415424257,NULL,NULL,0,NULL,'false','true'),(472,391,'','agent-8','e10adc3949ba59abbe56e057f20f883e',0,'agent-8@qq.com','13711111132',4,NULL,1415424320,NULL,NULL,0,NULL,'true','true'),(473,391,'','代理商agent1','e10adc3949ba59abbe56e057f20f883e',0,'agent-9@qq.com','13711111110',3,NULL,1415426842,NULL,NULL,0,NULL,'false','true'),(474,391,'','新增的代理商2','e10adc3949ba59abbe56e057f20f883e',0,'zxj6@sina.com','13711111117',3,NULL,1415427174,NULL,NULL,0,NULL,'true','true'),(475,391,'','新增的代理商3','e10adc3949ba59abbe56e057f20f883e',0,'zxj7@sina.com','13711111129',3,NULL,1415428033,NULL,NULL,0,NULL,'true','true'),(476,436,'','daili111','e10adc3949ba59abbe56e057f20f883e',0,'daili@qq.com','13813813802',3,NULL,1415431552,1415616607,'127.0.0.1',32,NULL,'false','true'),(477,454,'','yangwe','e10adc3949ba59abbe56e057f20f883e',0,'yangwe@122.com','15620342227',4,NULL,1415604790,1415686570,'192.168.2.70',36,NULL,'false','true'),(478,454,'','ddddddd','e10adc3949ba59abbe56e057f20f883e',0,'ddddddd@a.com','15951746623',4,NULL,1415605732,1415605798,'127.0.0.1',27,NULL,'true','true'),(479,454,'','dadsadad','e10adc3949ba59abbe56e057f20f883e',0,'dasdsada@da.com','18977766666',4,NULL,1415605993,NULL,NULL,0,NULL,'false','true'),(480,2,'','ich crbi','e10adc3949ba59abbe56e057f20f883e',0,'adfadf@12e.com','13612351666',3,NULL,1415696595,NULL,NULL,0,NULL,'false','false'),(481,0,'','testnew','e10adc3949ba59abbe56e057f20f883e',1,NULL,NULL,2,NULL,NULL,1416450166,'192.168.2.70',75,NULL,'false','false'),(482,2,'','linkeng','e10adc3949ba59abbe56e057f20f883e',1,NULL,NULL,3,NULL,1415935736,NULL,NULL,0,NULL,'false','true'),(483,391,'','agent_lv_177','e10adc3949ba59abbe56e057f20f883e',1,NULL,NULL,3,NULL,1415936016,NULL,NULL,0,NULL,'false','true'),(484,391,'','cmsadminooo','25d55ad283aa400af464c76d713c07ad',0,NULL,NULL,4,NULL,1415936158,NULL,NULL,0,NULL,'false','true'),(485,391,'','fdsafasdfsdaf','f7182f0b0faf2d479d8d5481f30d44e5',0,NULL,NULL,4,NULL,1415936393,NULL,NULL,0,NULL,'false','true'),(486,0,'用户备注','testbyzxj','f7182f0b0faf2d479d8d5481f30d44e5',0,'email@sina.com','13813813808',1,NULL,NULL,NULL,NULL,0,0,'true','true'),(487,0,'备注','zhangtest2','f7182f0b0faf2d479d8d5481f30d44e5',0,'email@si.com','13813813803',1,NULL,NULL,NULL,NULL,0,0,'false','true'),(488,0,'','lookout','e10adc3949ba59abbe56e057f20f883e',1,NULL,NULL,2,NULL,NULL,NULL,NULL,0,NULL,'false','false'),(489,0,'','adadad','e10adc3949ba59abbe56e057f20f883e',0,'teat@qq1.com','13443435656',1,NULL,1416537718,NULL,NULL,0,NULL,'true','true'),(490,439,'','收费规定发给','e10adc3949ba59abbe56e057f20f883e',1,NULL,NULL,3,NULL,1416899636,NULL,NULL,0,NULL,'false','true'),(491,351,'','wwwwaa','e10adc3949ba59abbe56e057f20f883e',1,NULL,NULL,3,NULL,1416900156,1417500329,'192.168.2.131',112,NULL,'false','true'),(492,491,'','qqqqqq','e10adc3949ba59abbe56e057f20f883e',1,NULL,NULL,3,NULL,1416900240,1417500439,'192.168.2.131',112,NULL,'false','true'),(493,492,'','AAAAAA','e10adc3949ba59abbe56e057f20f883e',0,NULL,NULL,3,NULL,1416900463,1417500472,'192.168.2.131',112,NULL,'false','true'),(494,493,'','zzzzzz','e10adc3949ba59abbe56e057f20f883e',0,NULL,NULL,3,NULL,1416900640,1417500496,'192.168.2.131',112,NULL,'false','true'),(495,494,'','xxxxxxx','e10adc3949ba59abbe56e057f20f883e',1,NULL,NULL,3,NULL,1416900749,1417500525,'192.168.2.131',112,NULL,'false','true'),(496,495,'','dddddd','e10adc3949ba59abbe56e057f20f883e',1,NULL,NULL,4,NULL,1416901647,1417575002,'::1',115,NULL,'false','true'),(497,430,'','wregrr','e10adc3949ba59abbe56e057f20f883e',1,NULL,NULL,4,NULL,1417163787,1417163917,'192.168.2.124',103,NULL,'false','true'),(498,0,'','aaaaaaaa','e10adc3949ba59abbe56e057f20f883e',0,'123@123.com','15678900123',1,NULL,1418696739,NULL,NULL,0,NULL,'false','true'),(499,0,'','fhfghfg','e10adc3949ba59abbe56e057f20f883e',0,NULL,NULL,2,NULL,1418697805,NULL,NULL,0,NULL,'false','true'),(500,0,'','brand_111','e10adc3949ba59abbe56e057f20f883e',0,NULL,NULL,2,NULL,1418710494,NULL,NULL,0,NULL,'false','true'),(501,2,'','brand_111111','b0baee9d279d34fa1dfd71aadb908c3f',0,'','',3,NULL,1418710679,NULL,NULL,0,NULL,'false','true'),(502,2,'','代理Aaaa','e10adc3949ba59abbe56e057f20f883e',0,'','',3,NULL,1418711663,NULL,NULL,0,NULL,'false','true'),(503,2,'','linkengd','e10adc3949ba59abbe56e057f20f883e',0,'','',3,NULL,1418711700,NULL,NULL,0,NULL,'false','true'),(504,2,'','adsfadsfasdf','e10adc3949ba59abbe56e057f20f883e',0,'','',3,NULL,1418711832,NULL,NULL,0,NULL,'false','true'),(505,2,'','adfasdfadf','9df02318372f9c9cebbccae2e180f135',0,'','',3,NULL,1418711902,NULL,NULL,0,NULL,'false','true'),(506,2,'','aaaaaad','2e4e5467b5ff1ef3d64cfdc7a1083a2b',0,'','',3,NULL,1418712237,NULL,NULL,0,NULL,'false','true'),(507,391,'','商户名1号阿斯达','e10adc3949ba59abbe56e057f20f883e',1,'','',4,NULL,1418718893,NULL,NULL,0,NULL,'false','true'),(508,391,'','cmsadmin兄弟','e10adc3949ba59abbe56e057f20f883e',0,'','',3,NULL,1418718940,NULL,NULL,0,NULL,'true','true'),(509,0,'','lingling','e10adc3949ba59abbe56e057f20f883e',0,NULL,NULL,2,NULL,1418780693,1418780714,'::1',124,NULL,'false','true'),(510,509,'','lingling111','de872154ffbf91a5dcc0e539dd2d5106',0,'','',3,NULL,1418780774,NULL,NULL,0,NULL,'false','true'),(511,0,'','merchant11','e10adc3949ba59abbe56e057f20f883e',0,NULL,NULL,2,NULL,1418780889,NULL,NULL,0,NULL,'false','true'),(512,0,'','admin1111','e10adc3949ba59abbe56e057f20f883e',0,NULL,NULL,2,NULL,1418781239,1418781258,'::1',125,NULL,'false','true');

/*!40101 SET SQL_MODE=@OLD_SQL_MODE */;
/*!40014 SET FOREIGN_KEY_CHECKS=@OLD_FOREIGN_KEY_CHECKS */;
/*!40014 SET UNIQUE_CHECKS=@OLD_UNIQUE_CHECKS */;
/*!40111 SET SQL_NOTES=@OLD_SQL_NOTES */;
